Workbook

Sheet Shift Records
A1: Date | B1: Month | C1: Client | D1: Shift Type | E1: Hours Worked | F1: Base Rate (£) | G1: Overtime Hours | H1: Overtime Rate (£) | I1: Mileage (Miles) | J1: Mileage Rate (£) | K1: Travel (£) | L1: Food (£) | M1: Other (£) | N1: Gross Pay (£) | O1: Total Expenses (£) | P1: Net Pay (£)
N2: =((E2*F2*IF(D2="Weekend",1.25,IF(D2="Night",1.5,IF(D2="Bank Holiday",2,1))))+(G2*H2)) | O2: =(I2*J2)+K2+L2+M2 | P2: =N2-O2
N3: =((E3*F3*IF(D3="Weekend",1.25,IF(D3="Night",1.5,IF(D3="Bank Holiday",2,1))))+(G3*H3)) | O3: =(I3*J3)+K3+L3+M3 | P3: =N3-O3
N4: =((E4*F4*IF(D4="Weekend",1.25,IF(D4="Night",1.5,IF(D4="Bank Holiday",2,1))))+(G4*H4)) | O4: =(I4*J4)+K4+L4+M4 | P4: =N4-O4
N5: =((E5*F5*IF(D5="Weekend",1.25,IF(D5="Night",1.5,IF(D5="Bank Holiday",2,1))))+(G5*H5)) | O5: =(I5*J5)+K5+L5+M5 | P5: =N5-O5
N6: =((E6*F6*IF(D6="Weekend",1.25,IF(D6="Night",1.5,IF(D6="Bank Holiday",2,1))))+(G6*H6)) | O6: =(I6*J6)+K6+L6+M6 | P6: =N6-O6
N7: =((E7*F7*IF(D7="Weekend",1.25,IF(D7="Night",1.5,IF(D7="Bank Holiday",2,1))))+(G7*H7)) | O7: =(I7*J7)+K7+L7+M7 | P7: =N7-O7
N8: =((E8*F8*IF(D8="Weekend",1.25,IF(D8="Night",1.5,IF(D8="Bank Holiday",2,1))))+(G8*H8)) | O8: =(I8*J8)+K8+L8+M8 | P8: =N8-O8
N9: =((E9*F9*IF(D9="Weekend",1.25,IF(D9="Night",1.5,IF(D9="Bank Holiday",2,1))))+(G9*H9)) | O9: =(I9*J9)+K9+L9+M9 | P9: =N9-O9
N10: =((E10*F10*IF(D10="Weekend",1.25,IF(D10="Night",1.5,IF(D10="Bank Holiday",2,1))))+(G10*H10)) | O10: =(I10*J10)+K10+L10+M10 | P10: =N10-O10
N11: =((E11*F11*IF(D11="Weekend",1.25,IF(D11="Night",1.5,IF(D11="Bank Holiday",2,1))))+(G11*H11)) | O11: =(I11*J11)+K11+L11+M11 | P11: =N11-O11
N12: =((E12*F12*IF(D12="Weekend",1.25,IF(D12="Night",1.5,IF(D12="Bank Holiday",2,1))))+(G12*H12)) | O12: =(I12*J12)+K12+L12+M12 | P12: =N12-O12
N13: =((E13*F13*IF(D13="Weekend",1.25,IF(D13="Night",1.5,IF(D13="Bank Holiday",2,1))))+(G13*H13)) | O13: =(I13*J13)+K13+L13+M13 | P13: =N13-O13
... N501: =((E501*F501*IF(D501="Weekend",1.25,IF(D501="Night",1.5,IF(D501="Bank Holiday",2,1))))+(G501*H501)) | O501: =(I501*J501)+K501+L501+M501 | P501: =N501-O501

Sheet Monthly Summary
A1: Month | B1: Total Gross (£) | C1: Total Expenses (£) | D1: Net Income (£)
A2: Jan | B2: =SUMIF('Shift Records'!B:B,"Jan",'Shift Records'!N:N) | C2: =SUMIF('Shift Records'!B:B,"Jan",'Shift Records'!O:O) | D2: =B2-C2
A3: Feb | B3: =SUMIF('Shift Records'!B:B,"Feb",'Shift Records'!N:N) | C3: =SUMIF('Shift Records'!B:B,"Feb",'Shift Records'!O:O) | D3: =B3-C3
A4: Mar | B4: =SUMIF('Shift Records'!B:B,"Mar",'Shift Records'!N:N) | C4: =SUMIF('Shift Records'!B:B,"Mar",'Shift Records'!O:O) | D4: =B4-C4
A5: Apr | B5: =SUMIF('Shift Records'!B:B,"Apr",'Shift Records'!N:N) | C5: =SUMIF('Shift Records'!B:B,"Apr",'Shift Records'!O:O) | D5: =B5-C5
A6: May | B6: =SUMIF('Shift Records'!B:B,"May",'Shift Records'!N:N) | C6: =SUMIF('Shift Records'!B:B,"May",'Shift Records'!O:O) | D6: =B6-C6
A7: Jun | B7: =SUMIF('Shift Records'!B:B,"Jun",'Shift Records'!N:N) | C7: =SUMIF('Shift Records'!B:B,"Jun",'Shift Records'!O:O) | D7: =B7-C7
A8: Jul | B8: =SUMIF('Shift Records'!B:B,"Jul",'Shift Records'!N:N) | C8: =SUMIF('Shift Records'!B:B,"Jul",'Shift Records'!O:O) | D8: =B8-C8
A9: Aug | B9: =SUMIF('Shift Records'!B:B,"Aug",'Shift Records'!N:N) | C9: =SUMIF('Shift Records'!B:B,"Aug",'Shift Records'!O:O) | D9: =B9-C9
A10: Sep | B10: =SUMIF('Shift Records'!B:B,"Sep",'Shift Records'!N:N) | C10: =SUMIF('Shift Records'!B:B,"Sep",'Shift Records'!O:O) | D10: =B10-C10
A11: Oct | B11: =SUMIF('Shift Records'!B:B,"Oct",'Shift Records'!N:N) | C11: =SUMIF('Shift Records'!B:B,"Oct",'Shift Records'!O:O) | D11: =B11-C11
A12: Nov | B12: =SUMIF('Shift Records'!B:B,"Nov",'Shift Records'!N:N) | C12: =SUMIF('Shift Records'!B:B,"Nov",'Shift Records'!O:O) | D12: =B12-C12
A13: Dec | B13: =SUMIF('Shift Records'!B:B,"Dec",'Shift Records'!N:N) | C13: =SUMIF('Shift Records'!B:B,"Dec",'Shift Records'!O:O) | D13: =B13-C13

Sheet Client Summary
A1: Client Name | B1: Total Gross (£) | C1: Total Net (£)
B2: =SUMIF('Shift Records'!C:C,A2,'Shift Records'!N:N) | C2: =SUMIF('Shift Records'!C:C,A2,'Shift Records'!P:P)
B3: =SUMIF('Shift Records'!C:C,A3,'Shift Records'!N:N) | C3: =SUMIF('Shift Records'!C:C,A3,'Shift Records'!P:P)
B4: =SUMIF('Shift Records'!C:C,A4,'Shift Records'!N:N) | C4: =SUMIF('Shift Records'!C:C,A4,'Shift Records'!P:P)
B5: =SUMIF('Shift Records'!C:C,A5,'Shift Records'!N:N) | C5: =SUMIF('Shift Records'!C:C,A5,'Shift Records'!P:P)
B6: =SUMIF('Shift Records'!C:C,A6,'Shift Records'!N:N) | C6: =SUMIF('Shift Records'!C:C,A6,'Shift Records'!P:P)
B7: =SUMIF('Shift Records'!C:C,A7,'Shift Records'!N:N) | C7: =SUMIF('Shift Records'!C:C,A7,'Shift Records'!P:P)
B8: =SUMIF('Shift Records'!C:C,A8,'Shift Records'!N:N) | C8: =SUMIF('Shift Records'!C:C,A8,'Shift Records'!P:P)
B9: =SUMIF('Shift Records'!C:C,A9,'Shift Records'!N:N) | C9: =SUMIF('Shift Records'!C:C,A9,'Shift Records'!P:P)
B10: =SUMIF('Shift Records'!C:C,A10,'Shift Records'!N:N) | C10: =SUMIF('Shift Records'!C:C,A10,'Shift Records'!P:P)
B11: =SUMIF('Shift Records'!C:C,A11,'Shift Records'!N:N) | C11: =SUMIF('Shift Records'!C:C,A11,'Shift Records'!P:P)
B12: =SUMIF('Shift Records'!C:C,A12,'Shift Records'!N:N) | C12: =SUMIF('Shift Records'!C:C,A12,'Shift Records'!P:P)
B13: =SUMIF('Shift Records'!C:C,A13,'Shift Records'!N:N) | C13: =SUMIF('Shift Records'!C:C,A13,'Shift Records'!P:P)
... B50: =SUMIF('Shift Records'!C:C,A50,'Shift Records'!N:N) | C50: =SUMIF('Shift Records'!C:C,A50,'Shift Records'!P:P)

Sheet Tax Estimate
A1: Total Net Income (£) | B1: =SUM('Shift Records'!P2:P501)
A2: Estimated Tax (20%) | B2: =B1*0.20
A3: Estimated National Insurance (9%) | B3: =B1*0.09
A4: Suggested Pension Saving (5%) | B4: =B1*0.05
A5: Estimated Take Home (£) | B5: =B1-B2-B3-B4
